1004176706485096510,-aq-
1013285008384991252,cheeseyxd
122837007834677251,low_khoality
138160258320171009,adachi_sakura
1005693873869303968,westl
147055338615603201,alpi
160050308083351552,p1nkl0bst3r
166574830982791169,chrystian
170352027010859008,leocorn
176460688472932352,sniv
176558360852824066,galva
191394916771823617,gza
202192568275042304,rozie2
212415707999109122,fufuyu
229601860405690378,apowo
238542843323351041,doodoodog
248305297049780225,epicewic1
255515037676863490,azurahorizons
262457903296937989,gavorox
262590024380317697,supersnowman16
284652298767040513,afreecatv_chy
282011487869075468,domkaiii
287738277480497153,psylaris
292562710938255360,apie
294617575688634378,cmdingo
294413988706648065,chartreuxwestia
295008695882874881,kkatccat
294941180821504001,ads20000
301983839897780224,naire
315477329793253377,555vitor
313324226608234498,vaxafine
316089674630168577,copetris
317475187391987713,willyjwillyj
319541960757084163,div_was_taken
318557566852661249,starknight54
327223343667347462,knievilkangaroo
322504200795717633,cadogan
328555883846172673,koreanstacker420
327997129174024224,pogetora
328747229785620481,nepteam
330785420914851840,365days
334181861465260032,arrowey
337308255502073856,nightslayor
338173496892850176,multi
349759606072934400,10e
353353241557204994,cryodev
350240697166594049,marihuhu
353370002738642955,flowerpetal
361438003190562827,5ee0c7ff6002ba2c3d27c604
365699968566165508,thepotatocouch
368542564321591296,gamerfoxy
367262902698115082,maksimpes
378723209165406210,abusivequiver
379643682984296448,ralsei372005
382661573162041350,kaasyu
384394625575682049,sashobg
388101982684184578,overshadowxuwu
385270474680303619,actingshady
395171324982591490,levicusx
395432208044654597,johnnytee
399411744579256342,cephalon
395735187381682176,rheeneetus
399563490127511562,joe
412634999020453891,plaidpaint
413857603970400256,mmmilestails77
421052004081729546,migt
424501379105816597,kaminari14
432524631854022667,hiyou
433373988694261780,uigalaxy
445553692716957697,ryuuketsu
434577144870338561,temilinyu
450418055827423243,space
457290120945598475,kolorboi123
462369158605045775,interogator
465064269709312011,owotererinowo
461204073346105364,ghost_toast_js
466888822043574273,b1dess
467043574479847435,hogefoot
487317194678599807,shaaaaaaaaark
482463496936882176,ezallium
488589957066260481,luwuminescence
488819437550567439,topnep
496011783698645026,klein199
490385586100895754,tr_igger_ed
497201764815077379,misternoone
496441552709746688,revitalizee
502518171014529036,remmexregret
512417510671384582,gudale
512528327341506570,opyu
517346491958820865,dark_shadow
518546409969025025,supadoggo
519171572272070687,kinvp123
521965774743666690,p1kachuuu
532715034971996172,rheetythepiggy
533484262238715904,vlameyoutube
534057315318497281,neon_
536161180474015746,fake_ronin
534742229181399053,huythekiller
543573183790448691,hihihi89098
543676141177798676,ajm8254
543747886110736395,limelimo67
555221999744450570,nekozaki
549191470880653362,vitor_carnekkk
559390504492728320,claire12345
570874010670202890,dcplays
572511469405601792,tiki2tgt
579262296191139885,popgamercool2
579765894214057995,beepboopheehoo
581992679450345502,antiskyze
581486223781265438,sheffy
586779490940747786,gleam
587409942336765963,deathwiggle
590875634159452160,pers1mmonshake
593317527950721027,skanball
594135410167382051,luava
606533329201791017,cyanium
606992600599232542,mel03
609320596127612928,thisiskff
611355648164233225,kyoto_0
614827090209931274,sensitivity
614962833620467724,zackqi
620651010573991946,mashoneso
621780932847730695,prplx
623831791698051072,hugh777
624994998982803468,coolunclebean
628403831189012502,sspdhemss1
629099490992717855,bigfef
629715184860004441,kairoster
630417123612819466,crumthecrumb
634153580491964446,gelatinousboi
639322872187322399,qt8524
640749858889662465,sup37
642801751463821312,aaron6667
645877523481362432,nml
652172104904474648,gra_ss
650374028833587222,grennsw
659429820781821982,isoulatte
667939964448931842,ihatelife1128
663237980126707725,jasowonic
668770870809853973,hunterjack79
675435174405734424,sexyoreo
677819729854988288,honestdissonance
677921037089767425,digcheese
685498398815813690,blindd
687711325639540795,leafeon
690973348758421506,anthony1013
693783804686368809,vemph
693884384905789471,la_serpiente778
693953699986538496,porkyporkadidas
696712684434882660,tirizo
702866675594428467,yoshiyushi
703367758288781312,haydedanny
707386809302122529,gladdon
720539763458703380,lowspecd
717451031897833512,epcgamer47
721138058245963798,jasmine
722202264055447643,pentag
722859916414681140,tonyisanoob
726918011394719845,kosmo_z
728578704514744320,kagasa
736141689558794290,justspam
753965936981180577,redslicer
754539663263531089,preston_
761030692884447232,sw99
759203271428014080,ev0lvefyre
761590185183674399,catboardbeta
763293152248463410,cats
766451214001897484,hippofish
767009057894170684,akma
778679524556144660,snowman99
776927283239321670,confused_coder
785053677681246228,3cky
799819035663400991,altza
809246869980053504,phavoc
798902414714470441,brewmaestro
809650778758578199,pajitnov2
815329288870035497,choucolatte
827773566790402048,aioverdrive
825232373481865226,deadhello
844120045068353546,minh2506
838603070027333642,khanh199
852612825066373190,mari__
848400992931807232,torino
852894231991025694,rainii
861707825382162462,gae_medgit
862478224004743208,stephen14414
880635914924216322,tossedbloom
863330297176260631,plskelly
899667941556092969,uncertainty
904167133154537494,-hg-okadahatch
919251497152311336,elijahexists
921584410497810514,kirbtrisplayervr
928110117981929532,sadsfsdf
924096612941299762,flareon_plusii
936790489653456906,reisen_____342
935717491827679292,pointcm
944443012312875020,potatopants123
945080862976909353,cobalt621
949558529126178836,thenarrator
971176843292074056,toumak07
972705565753081906,konakona_tetris
986546934108028968,ddung
989732030352879647,yaboiiiiii12345
996045884213166192,nexoloft
996095383610597458,mengl
999522822814711939,koriii
999718969613238342,m8590e74